id,title,subtitle,description,category,is_urgently,is_learning,is_general_to_do,is_today_task,is_to_buy_task,date_created,date_deadline
1,Organize Google Drive,,Delete unnecessary files,General,0,0,1,1,0,2026-10-04,
2,Update applications,Phone,Update Spotify and other apps on phone,General,0,0,1,1,0,2026-10-04,
3,Mend backpack,,Sew the backpack - at the bottom near the strap,General,0,0,1,1,0,2026-10-04,
4,Print photos,,Print photos for family album,General,0,0,1,1,0,2026-10-04,
5,Configure BitWarden,,Set up BitWarden,General,0,0,1,1,0,2026-10-04,
6,Bike repair,Bike service,Mount the rack plate for the bike,General,1,0,1,1,0,2026-10-04,
7,Fix Spotify,Windows 11,Spotify does not notify about current song playing on Windows 11,General,0,0,1,1,0,2026-10-04,
8,Book categories,Lubimyczytać.pl,Add categories to bookshelf -> Want to read,General,0,0,1,1,0,2026-10-04,
9,Inventory clothes,My-notes,Check how many clothes I have and save to My-notes repo,General,0,0,1,1,0,2026-10-04,
10,Organize videos,Phone,Sort and organize videos on phone,General,0,0,1,1,0,2026-10-04,
11,Data backup,Black drive,Make a new backup on one of the drives (black one),General,0,0,1,1,0,2026-10-04,
12,Free up space,Phone,Uninstall unnecessary apps (games) - move data to SD card,General,0,0,1,1,0,2026-10-04,
13,Import emojis,Windows 11,Import emojis to Windows 11 android,General,0,0,1,1,0,2026-10-04,
14,Repair bag,,Fix the zipper on the bag,General,0,0,1,1,0,2026-10-04,
15,Financial plan,,Expenses (learning - hobby - food - electronics - other) and savings,General,0,0,1,1,0,2026-10-04,
16,Merge notes,PC,Merge all notes - on PC,General,0,0,1,1,0,2026-10-04,
17,Repair power adapter,X-kom,Take laptop charger for repair or warranty service,General,1,0,1,1,0,2026-10-04,
18,Laptop notifications,,Turn off notifications after shutting down laptop,General,0,0,1,1,0,2026-10-04,
19,Cleaning schedule,,Set days for vacuuming and dusting the room,General,0,0,1,1,0,2026-10-04,
20,NFC payments,Phone,Configure NFC payments: Millenium - Erste,General,0,0,1,1,0,2026-10-04,
21,WSB decision,,Find out what decision WSB made,General,0,1,1,1,0,2026-10-04,
22,Accessories,Piotrek,Buy or print: rear camera cover for android,General,0,0,1,1,1,2026-10-04,
23,Move notes,LibreOffice,Move notes from notebook to LibreOffice (try using AI),General,0,0,1,1,0,2026-10-04,
24,Morning alarm,,Start setting an alarm for the morning,General,0,0,1,1,0,2026-10-04,
25,Charts,LibreOffice,Add charts comparing time spent gaming vs learning,Learning,0,1,1,1,0,2026-10-04,
26,Download media,VM,Download: Toy Story - Spider-man - other movies from Filmweb - Walking Dead comics,General,0,0,1,1,0,2026-10-04,
27,Morning routine,,Euthyrox (30min empty stomach) - make bed - weight and waist - stretching - pushups/squats - brush teeth - read 10 pages,General,0,0,1,1,0,2026-10-04,
28,Lighter warranty,,Return drone torch lighter for warranty - find receipt,General,1,0,1,1,0,2026-10-04,
29,Laptop screws,,Buy and tighten missing laptop screws,General,1,0,1,1,1,2026-10-04,
30,Mow lawn,Andrzej,Mow the grass on Andrzej's plot,General,0,0,1,1,0,2026-10-04,
31,Pharmacy,Kwetaplex XR,Find pharmacy in Lower Silesia - reserve and buy,General,1,0,1,1,1,2026-10-04,
32,Learn sushi,,Learn how to make sushi,Learning,0,1,1,1,0,2026-10-04,
33,Handlebar repair,Bike,WD40 to the core - use 8mm Allen key,General,1,0,1,1,0,2026-10-04,
34,Bits,Multitool,Buy extra bits for multitool,General,0,0,1,1,1,2026-10-04,
35,Learning,Power BI,Power BI /20',Learning,0,1,1,1,0,2026-10-04,
36,Boating group,,Write times from my note to the group,Learning,0,1,1,1,0,2026-10-04,
37,Workouts,Diet tracker,Enter workouts into Diet tracker - Desktop version,Learning,0,1,1,1,0,2026-10-04,
38,Training plan,,Plan training: swimming - gym - bike - running,Learning,0,1,1,1,0,2026-10-04,
39,Spotify,Kuba,Pass Piotr's Spotify to Kuba,General,0,0,1,1,0,2026-10-04,
40,Saddle repair,Bike,Patch the saddle with black electrical tape,General,0,0,1,1,0,2026-10-04,
41,Microsoft payment,,Check why I had to pay 19.99 Euro,General,1,0,1,1,0,2026-10-04,
42,Install BBC,Mama,Install BBC for Mom,General,0,0,1,1,0,2026-10-04,
43,Vacuuming,,Vacuum the room,General,0,0,1,1,0,2026-10-04,
44,Bike holder,,Buy a drink holder for the bike,General,0,0,1,1,1,2026-10-04,
45,Windows key,,Transfer Windows key to the new laptop,General,0,0,1,1,0,2026-10-04,
46,Organize notes,Learning,Organize - 2.1.3 TO DO - Tasks - Learning,Learning,0,1,1,1,0,2026-10-04,
47,Shopping,Outlet,Monitor or small tablet as external screen,General,0,0,1,1,1,2026-10-04,
48,Office,Andrzej,Install Office from Andrzej on my computer,General,0,0,1,1,0,2026-10-04,
49,Notebook,,Buy a notebook for the belt organizer,General,0,0,1,1,1,2026-10-04,
50,Traficar,,Log in to Traficar on my phone,General,0,0,1,1,0,2026-10-04,
51,Fix Spotify,,Fix Spotify on phone,General,0,0,1,1,0,2026-10-04,
52,Meds for Mom,Code 7101,Buy meds for Mom,General,1,0,1,1,1,2026-10-04,
53,Syrups,Online,Order syrups online: mountain dew zero x 1,General,0,0,1,1,1,2026-10-04,
54,Clothes,,Buy a few shirts,General,0,0,1,1,1,2026-10-04,
55,Bike repair,,New crank - carry the wrench with you,General,0,0,1,1,0,2026-10-04,
56,USB splitter,,Buy module to split USB-C to many other USBs,General,0,0,1,1,1,2026-10-04,
57,Book for Mom,Library Reja,Look for an English book for Mom at Reja library,General,0,0,1,1,0,2026-10-04,
58,Windows key,X-kom,Ask X-kom about Windows key for Mom's laptop,General,0,0,1,1,0,2026-10-04,
59,Laptop for Piotr,X-kom,Ask at X-kom,General,0,0,1,1,0,2026-10-04,
60,Money Lover,,Enter receipts into Money Lover,General,0,0,1,1,0,2026-10-04,
61,WD40,,Buy WD 40 - DONE,General,0,0,1,1,1,2026-10-04,
62,Windows,,Wash the window,General,0,0,1,1,0,2026-10-04,
63,Bike service,,Cannot tighten handlebar screw - need v-brake screws,General,1,0,1,1,0,2026-10-04,
64,Meds,Code 4830,Buy meds,General,1,0,1,1,1,2026-10-04,
65,Diet,,Write down what is missing for the diet,Learning,0,1,1,1,0,2026-10-04,
66,Disk warranty,,Disk is not damaged only the enclosure,General,1,0,1,1,0,2026-10-04,
67,AA batteries,,Buy AA batteries,General,0,0,1,1,1,2026-10-04,
68,Bike for Piotr,Service,Ask about a bike for Piotr,General,0,0,1,1,0,2026-10-04,